{
  "model": "v2",
  "auc": 0.5922808018834272,
  "precision": 0.8703703703703703,
  "recall": 0.35877862595419846,
  "f1": 0.5081081081081081,
  "threshold": 0.6142316460609436,
  "time_sec": 575.7992849349976,
  "train_size": 2000,
  "probs": null
}