{
  "model": "v3",
  "auc": 0.5717818839028799,
  "precision": 0.8136792452830188,
  "recall": 0.8778625954198473,
  "f1": 0.8445532435740514,
  "threshold": 0.37262967228889465,
  "time_sec": 603.7149949073792,
  "train_size": 2000,
  "probs": null
}