{
  "model": "v1_full",
  "test_c_index": 0.6897292402596448,
  "time_sec": 651.3222103118896,
  "train_size": 16088
}