{
  "model": "v2_full",
  "test_c_index": 0.7192432958775449,
  "time_sec": 1279.588443517685,
  "train_size": 16088
}